address,amount
0xa3C8429b4f2cEe15446eB17393E06f6B90710461,2500000
0x5eB6293A028e8958fEE345ff973CD6DCC1555711,2500000
0x2BDD29789433CbF687f4c7c42Fa0d6ADBEA2080b,2500000
0x32f0078130232F41Ef3b69f002F925e377f2F374,2500000
0x6D0bfc6bdf6684790b6952447F313f4D0Cee231F,2000000
0x40868DA0B23c76E793c71e1C6Ed945e30D6A6fF9,2000000
0xd2fe2ff9d9e611a2e83441d3b67291182e8f8cbc,2000000
0xEFb529a4f4E40a1372dB8B2b8E922D26b9cCF887,2000000
0x8753639a1482D64Ec8819143E9A081cCf50C77ed,1000000
0x5476367F1f3eFCcf2be5b6526f42021c2A6F3102,1000000
